{"cameraMode":{"drawMode":0,"name":"Shaded","section":"Shading Mode"},"sceneLighting":true,"audioPlay":false,"sceneViewState":{"m_AlwaysRefresh":false,"showFog":true,"showSkybox":true,"showFlares":true,"showImageEffects":true,"showParticleSystems":true,"showVisualEffectGraphs":true,"m_FxEnabled":true},"in2DMode":false,"pivot":{"x":21.0504150390625,"y":1.7051076889038087,"z":-0.9514392018318176},"rotation":{"x":0.06993242353200913,"y":-0.2832837700843811,"z":0.020716696977615358,"w":0.956278920173645},"size":1.4170604944229127,"orthographic":false}